paper_id,venue,year,title,score,tier,matched_groups,abstract,evidence,penalties,pdf,url,has_abstract,source_file
iclr2026_papers:2378,ICLR,2026,DRIFT: Divergent Response in Filtered Transformations for Robust Adversarial Defense,26,A-Core,adaptive_evaluation;adversarial_core;classification_context;consistency_alignment;input_transform_compression;vision_context,"Deep neural networks remain highly vulnerable to adversarial examples, and most defenses collapse once gradients can be reliably estimated. We identify \emph{gradient consensus}—the tendency of randomized transformations to yield aligned gradients—as a key driver of adversarial transferability. Attackers exploit this consensus to construct perturbations that remain effective across transformations. We introduce \textbf{DRIFT} (Divergent Response in Filtered Transformations), a stochastic ensemble of lightweight, learnable filters trained to actively disrupt gradient consensus. Unlike prior randomized defenses that rely on gradient masking, DRIFT enforces \emph{gradient dissonance} by maximizing divergence in Jacobian- and logit-space responses while preserving natural predictions. Our contributions are threefold: (i) we formalize gradient consensus and provide a theoretical analysis linking consensus to transferability; (ii) we propose a consensus-divergence training strategy combining prediction consistency, Jacobian separation, logit-space separation, and adversarial robustness; and (iii) we show that DRIFT achieves substantial robustness gains on ImageNet across CNNs and Vision Transformers, outperforming state-of-the-art preprocessing, adversarial training, and diffusion-based defenses under adaptive white-box, transfer-based, and gradient-free attacks. DRIFT delivers these improvements with negligible runtime and memory cost, establishing gradient divergence as a practical and generalizable principle for adversarial defense.","{""adversarial_core"": [""ergent Response in Filtered Transformations for Robust Adversarial Defense Deep neural networks remain highly vulnerable to adver""], ""input_transform_compression"": [""We identify \\emph{gradient consensus}—the tendency of randomized transformations to yield aligned gradients—as a key driver of adversar""], ""adaptive_evaluation"": [""nsensus. Unlike prior randomized defenses that rely on gradient masking, DRIFT enforces \\emph{gradient dissonance} by maximizi""], ""consistency_alignment"": [""ose a consensus-divergence training strategy combining prediction consistency, Jacobian separation, logit-space separation, and adve""], ""vision_context"": [""bstantial robustness gains on ImageNet across CNNs and Vision Transformers, outperforming state-of-the-art preproces"", ""ow that DRIFT achieves substantial robustness gains on ImageNet across CNNs and Vision Transformers, outperforming sta""], ""classification_context"": [""hieves substantial robustness gains on ImageNet across CNNs and Vision Transformers, outperforming state-of-the-ar"", ""ow that DRIFT achieves substantial robustness gains on ImageNet across CNNs and Vision Transformers, outperforming sta""]}",{},https://openreview.net/pdf/bad6c91aaf674abb3240050cc351fd965e5ebd88.pdf,https://openreview.net/forum?id=AYH7uBK1Gg,True,iclr2026_papers.json
iclr2026_papers:8452,ICLR,2026,Keep It Real: Challenges in Attacking Compression-Based Adversarial Purification,23,A-Core,adaptive_evaluation;adversarial_core;input_transform_compression;vision_context,"Previous work has suggested that preprocessing images through lossy compression can defend against adversarial perturbations, but comprehensive attack evaluations have been lacking. In this paper, we construct strong white-box and adaptive attacks against various compression models and identify a critical challenge for attackers: high realism in reconstructed images significantly increases attack difficulty. Through rigorous evaluation across multiple attack scenarios, we demonstrate that compression models capable of producing realistic, high-fidelity reconstructions are substantially more resistant to our attacks. In contrast, low-realism compression models can be broken. Our analysis reveals that this is not due to gradient masking. Rather, realistic reconstructions maintaining distributional alignment with natural images seem to offer inherent robustness. This work highlights a significant obstacle for future adversarial attacks and suggests that developing more effective techniques to overcome realism represents an essential challenge for comprehensive security evaluation.","{""adversarial_core"": [""ng images through lossy compression can defend against adversarial perturbations, but comprehensive attack evaluations have been lackin""], ""input_transform_compression"": [""ersarial Purification Previous work has suggested that preprocessing images through lossy compression can defend against adversari"", ""s work has suggested that preprocessing images through lossy compression can defend against adversarial perturbations, but comp"", ""Keep It Real: Challenges in Attacking Compression-Based Adversarial Purification Previous work has suggested that preproce"", ""eep It Real: Challenges in Attacking Compression-Based Adversarial Purification Previous work has suggested that preprocessing images""], ""adaptive_evaluation"": [""king. In this paper, we construct strong white-box and adaptive attacks against various compression models and identify a crit"", ""e broken. Our analysis reveals that this is not due to gradient masking. Rather, realistic reconstructions maintaining distrib""], ""vision_context"": [""ication Previous work has suggested that preprocessing images through lossy compression can defend against adversari""]}",{},https://openreview.net/pdf/33227300ef007c79acfd3a8bf20daeacde8ce07c.pdf,https://openreview.net/forum?id=2xUp4TBZkL,True,iclr2026_papers.json
iclr2026_papers:9065,ICLR,2026,Randomized Feature Squeezing against Unseen $ {l_p} $ Attacks without Adversarial Training,19,A-Core,adversarial_core;classification_context;input_bit_quantization;vision_context,"Deep learning has made tremendous progress in the last decades; however, it is not robust to adversarial attacks. The most effective approach is perhaps adversarial training, although it is impractical because it requires prior knowledge about the attackers and incurs high computational costs. In this paper, we propose a novel approach that can train a robust network only through standard training with clean images without awareness of the attacker's strategy. We add a specially designed network input layer, which accomplishes a randomized feature squeezing to reduce the malicious perturbation. It achieves excellent robustness against unseen ${l_0,l_1,l_2}$ and $ {l_\infty} $ attacks at one time in terms of the computational cost of the attacker versus the defender through just 100/50 epochs of standard training with clean images in CIFAR-10/ImageNet. The thorough experimental results validate the high performance. Moreover, it can also defend against unlearnable examples generated by One-Pixel Shortcut which breaks down the adversarial training approach.","{""adversarial_core"": [""ure Squeezing against Unseen $ {l_p} $ Attacks without Adversarial Training Deep learning has made tremendous progress in the last"", ""ndous progress in the last decades; however, it is not robust to adversarial attacks. The most effective approach is perhaps advers""], ""input_bit_quantization"": [""Randomized Feature Squeezing against Unseen $ {l_p} $ Attacks without Adversarial T""], ""vision_context"": [""bust network only through standard training with clean images without awareness of the attacker's strategy. We add a"", ""o defend against unlearnable examples generated by One-Pixel Shortcut which breaks down the adversarial training ap"", ""00/50 epochs of standard training with clean images in CIFAR-10/ImageNet. The thorough experimental results validate t"", ""chs of standard training with clean images in CIFAR-10/ImageNet. The thorough experimental results validate the high p""], ""classification_context"": [""00/50 epochs of standard training with clean images in CIFAR-10/ImageNet. The thorough experimental results validate t"", ""chs of standard training with clean images in CIFAR-10/ImageNet. The thorough experimental results validate the high p""]}",{},https://openreview.net/pdf/76a1b5dee87f4e47c1169d7b514a16c4ea2d521e.pdf,https://openreview.net/forum?id=3MyTiaYpVs,True,iclr2026_papers.json
icml2024_papers:256,ICML,2024,Robust Classification via a Single Diffusion Model,19,A-Core,adaptive_evaluation;adversarial_core;classification_context;vision_context,"Diffusion models have been applied to improve adversarial robustness of image classifiers by purifying the adversarial noises or generating realistic data for adversarial training. However, diffusion-based purification can be evaded by stronger adaptive attacks while adversarial training does not perform well under unseen threats, exhibiting inevitable limitations of these methods. To better harness the expressive power of diffusion models, this paper proposes Robust Diffusion Classifier (RDC), a generative classifier that is constructed from a pre-trained diffusion model to be adversarially robust. RDC first maximizes the data likelihood of a given input and then predicts the class probabilities of the optimized input using the conditional likelihood estimated by the diffusion model through Bayes’ theorem. To further reduce the computational cost, we propose a new diffusion backbone called multi-head diffusion and develop efficient sampling strategies. As RDC does not require training on particular adversarial attacks, we demonstrate that it is more generalizable to defend against multiple unseen threats. In particular, RDC achieves $75.67%$ robust accuracy against various $\ell_\infty$ norm-bounded adaptive attacks with $\epsilon_\infty=8/255$ on CIFAR-10, surpassing the previous state-of-the-art adversarial training models by $+4.77%$. The results highlight the potential of generative classifiers by employing pre-trained diffusion models for adversarial robustness compared with the commonly studied discriminative classifiers.","{""adversarial_core"": [""on Model Diffusion models have been applied to improve adversarial robustness of image classifiers by purifying the adversarial nois"", ""e unseen threats. In particular, RDC achieves $75.67%$ robust accuracy against various $\\ell_\\infty$ norm-bounded adaptive at""], ""adaptive_evaluation"": [""diffusion-based purification can be evaded by stronger adaptive attacks while adversarial training does not perform well under""], ""vision_context"": [""have been applied to improve adversarial robustness of image classifiers by purifying the adversarial noises or gen"", ""unded adaptive attacks with $\\epsilon_\\infty=8/255$ on CIFAR-10, surpassing the previous state-of-the-art adversarial""], ""classification_context"": [""have been applied to improve adversarial robustness of image classifiers by purifying the adversarial noises or generating real"", ""unded adaptive attacks with $\\epsilon_\\infty=8/255$ on CIFAR-10, surpassing the previous state-of-the-art adversarial"", ""e unseen threats. In particular, RDC achieves $75.67%$ robust accuracy against various $\\ell_\\infty$ norm-bounded adaptive at""]}",{},https://raw.githubusercontent.com/mlresearch/v235/main/assets/chen24k/chen24k.pdf,,True,icml2024_papers.json
iclr2026_papers:9341,ICLR,2026,Boosting Adversarial Robustness and Generalization with Dictionary Structure,18,A-Core,adaptive_evaluation;adversarial_core;classification_context;evaluation_protocol,"This work investigates a novel approach to boost adversarial robustness and generalization by incorporating structural prior into the design of deep learning models. Specifically, our study surprisingly reveals that existing dictionary learning-inspired convolutional neural networks (CNNs) provide a false sense of security against adversarial attacks. To address this, we propose Elastic Dictionary Learning Networks (EDLNets), a novel ResNet architecture that significantly enhances adversarial robustness and generalization. Extensive and reliable experiments demonstrate consistent and significant performance improvement on open robustness leaderboards such as RobustBench, surpassing state-of-the-art baselines. To the best of our knowledge, this is the first work to discover and validate that dictionary structure can reliably enhance deep learning robustness under strong adaptive attacks, unveiling a promising direction for future research.","{""adversarial_core"": [""Boosting Adversarial Robustness and Generalization with Dictionary Structure This work""], ""adaptive_evaluation"": [""reliably enhance deep learning robustness under strong adaptive attacks, unveiling a promising direction for future research.""], ""evaluation_protocol"": [""ce improvement on open robustness leaderboards such as RobustBench, surpassing state-of-the-art baselines. To the best of""], ""classification_context"": [""onary learning-inspired convolutional neural networks (CNNs) provide a false sense of security against adversarial"", ""lastic Dictionary Learning Networks (EDLNets), a novel ResNet architecture that significantly enhances adversarial r""]}",{},https://openreview.net/pdf/7c0789d161121fc29ff3c00568c96e84820ba725.pdf,https://openreview.net/forum?id=c7rcjMTe4e,True,iclr2026_papers.json
iclr2026_papers:5658,ICLR,2026,NIC-RobustBench: A Comprehensive Open-Source Toolkit for Neural Image Compression and Robustness Analysis,17,A-Core,adversarial_core;evaluation_protocol;input_transform_compression;vision_context,"Adversarial robustness of neural networks is a rapidly developing and important research area, ensuring the reliable use of neural network models in areas such as computer vision, natural language processing, and others. With the emergence of neural image compression (NIC) methods and the introduction of the first standard, JPEG AI, the question of robustness has also become critical in image compression. Unstable NIC models are more prone to producing distortions and can be exploited to compromise downstream vision tasks that rely on compressed data. Most existing benchmarks for NIC focus primarily on compression efficiency and reconstruction quality, while prior robustness studies have been limited to a small number of codecs and attacks. To address this gap, we introduce \textbf{NIC-RobustBench}, the first open-source framework for evaluating the adversarial robustness of NIC methods. It integrates 6 adversarial attacks and 7 defense strategies in addition to traditional Rate-Distortion (RD) evaluation. The framework includes the largest number of codec types among all known NIC libraries and is easily scalable. The paper provides a comprehensive overview of NIC-RobustBench alongside an extensive robustness evaluation of modern NIC methods. Our code is publicly available at \textit{link hidden for blind review}. We believe our framework will become an essential tool for developing robust neural image compression techniques.","{""adversarial_core"": [""t for Neural Image Compression and Robustness Analysis Adversarial robustness of neural networks is a rapidly developing and importa""], ""input_transform_compression"": [""C-RobustBench: A Comprehensive Open-Source Toolkit for Neural Image Compression and Robustness Analysis Adversarial robustness of neural networks is""], ""evaluation_protocol"": [""NIC-RobustBench: A Comprehensive Open-Source Toolkit for Neural Image"", ""ive overview of NIC-RobustBench alongside an extensive robustness evaluation of modern NIC methods. Our code is publicly available""], ""vision_context"": [""tBench: A Comprehensive Open-Source Toolkit for Neural Image Compression and Robustness Analysis Adversarial robust"", ""use of neural network models in areas such as computer vision, natural language processing, and others. With the eme""]}",{},https://openreview.net/pdf/8e3af2958ae1e7b9aa5839f4aa3ffae22e1e6b2a.pdf,https://openreview.net/forum?id=4FNeXikOgt,True,iclr2026_papers.json
neurips2025_papers:4597,NEURIPS,2025,Adversary Aware Optimization for Robust Defense,16,A-Core,adversarial_core;classification_context;input_transform_compression;vision_context,"Deep neural networks remain highly susceptible to adversarial attacks, where small, subtle perturbations to input images may induce misclassification. We propose a novel optimization-based purification framework that directly removes these perturbations by maximizing a Bayesian-inspired objective combining a pretrained diffusion prior with a likelihood term tailored to the adversarial perturbation space. Our method iteratively refines a given input through gradient-based updates of a combined score-based loss to guide the purification process. Unlike existing optimization-based defenses that treat adversarial noise as generic corruption, our approach explicitly integrates the adversarial landscape into the objective. Experiments performed on CIFAR-10 and CIFAR-100 demonstrate strong robust accuracy against a range of common adversarial attacks. Our work offers a principled test-time defense grounded in probabilistic inference using score-based generative models. Our code can be found at \url{ https://github.com/rooshenasgroup/aaopt }.","{""adversarial_core"": [""ense Deep neural networks remain highly susceptible to adversarial attacks, where small, subtle perturbations to input images may"", ""performed on CIFAR-10 and CIFAR-100 demonstrate strong robust accuracy against a range of common adversarial attacks. Our wor""], ""input_transform_compression"": [""hub.com/rooshenasgroup/aaopt }. Adversarial robustness Adversarial purification optimization Adversarial training""], ""vision_context"": [""al attacks, where small, subtle perturbations to input images may induce misclassification. We propose a novel optim"", ""landscape into the objective. Experiments performed on CIFAR-10 and CIFAR-100 demonstrate strong robust accuracy again""], ""classification_context"": [""landscape into the objective. Experiments performed on CIFAR-10 and CIFAR-100 demonstrate strong robust accuracy again"", ""performed on CIFAR-10 and CIFAR-100 demonstrate strong robust accuracy against a range of common adversarial attacks. Our wor""]}",{},https://openreview.net/pdf/a485b6c42a0b8012fbdced19e77994d5a49d3f29.pdf,https://openreview.net/forum?id=VNbvk5pMS7,True,neurips2025_papers.json
icml2024_papers:93,ICML,2024,Diffusion Models Demand Contrastive Guidance for Adversarial Purification to Advance,16,A-Core,adversarial_core;classification_context;input_transform_compression;vision_context,"In adversarial defense, adversarial purification can be viewed as a special generation task with the purpose to remove adversarial attacks and diffusion models excel in adversarial purification for their strong generative power. With different predetermined generation requirements, various types of guidance have been proposed, but few of them focuses on adversarial purification. In this work, we propose to guide diffusion models for adversarial purification using contrastive guidance. We theoretically derive the proper noise level added in the forward process diffusion models for adversarial purification from a feature learning perspective. For the reverse process, it is implied that the role of contrastive loss guidance is to facilitate the evolution towards the signal direction. From the theoretical findings and implications, we design the forward process with the proper amount of Gaussian noise added and the reverse process with the gradient of contrastive loss as the guidance of diffusion models for adversarial purification. Empirically, extensive experiments on CIFAR-10, CIFAR-100, the German Traffic Sign Recognition Benchmark and ImageNet datasets with ResNet and WideResNet classifiers show that our method outperforms most of current adversarial training and adversarial purification methods by a large improvement.","{""adversarial_core"": [""ve Guidance for Adversarial Purification to Advance In adversarial defense, adversarial purification can be viewed as a special g""], ""input_transform_compression"": [""Diffusion Models Demand Contrastive Guidance for Adversarial Purification to Advance In adversarial defense, adversarial purific""], ""vision_context"": [""al purification. Empirically, extensive experiments on CIFAR-10, CIFAR-100, the German Traffic Sign Recognition Benchm"", ""100, the German Traffic Sign Recognition Benchmark and ImageNet datasets with ResNet and WideResNet classifiers show t""], ""classification_context"": [""Sign Recognition Benchmark and ImageNet datasets with ResNet and WideResNet classifiers show that our method outper"", ""nition Benchmark and ImageNet datasets with ResNet and WideResNet classifiers show that our method outperforms most of c"", ""al purification. Empirically, extensive experiments on CIFAR-10, CIFAR-100, the German Traffic Sign Recognition Benchm"", ""100, the German Traffic Sign Recognition Benchmark and ImageNet datasets with ResNet and WideResNet classifiers show t""]}",{},https://raw.githubusercontent.com/mlresearch/v235/main/assets/bai24b/bai24b.pdf,,True,icml2024_papers.json
iclr2026_papers:5804,ICLR,2026,Progressive Residual Tensor Networks for Adversarial Purification,16,A-Core,adversarial_core;classification_context;input_transform_compression;vision_context,"Adversarial perturbations remain a critical threat to modern vision systems, and tensor network–based purification is a promising direction thanks to its low-rank priors. Yet these methods face a fundamental reconstruction–denoising conflict: preserving pixel fidelity risks recovering adversarial residues, whereas aggressive suppression sacrifices semantic detail. We address this trade-off with a Laplacian pyramid–inspired framework that performs progressive residual reconstruction across scales. At coarse levels, the rank is kept relatively unconstrained to capture global semantic structure, while a monotonically decreasing rank schedule constrains capacity at finer levels, preventing the accumulation of fine-scale perturbations. In addition, we introduce a wavelet-based residual regularization that penalizes the energy of reconstructed high-frequency subbands, discouraging residuals from absorbing adversarial noise without undermining semantic recovery. Extensive experiments on CIFAR-10, CIFAR-100, and ImageNet show that our method preserves strong reconstruction quality on clean images while substantially improving robustness under diverse attacks, demonstrating the effectiveness of a frequency-aware, progressive tensor-network purifier.","{""adversarial_core"": [""Residual Tensor Networks for Adversarial Purification Adversarial perturbations remain a critical threat to modern vision systems, and""], ""input_transform_compression"": [""Progressive Residual Tensor Networks for Adversarial Purification Adversarial perturbations remain a critical threat to""], ""vision_context"": [""ethod preserves strong reconstruction quality on clean images while substantially improving robustness under diverse"", ""arial perturbations remain a critical threat to modern vision systems, and tensor network–based purification is a pr"", ""damental reconstruction–denoising conflict: preserving pixel fidelity risks recovering adversarial residues, wherea"", ""ndermining semantic recovery. Extensive experiments on CIFAR-10, CIFAR-100, and ImageNet show that our method preserve""], ""classification_context"": [""ndermining semantic recovery. Extensive experiments on CIFAR-10, CIFAR-100, and ImageNet show that our method preserve"", ""ery. Extensive experiments on CIFAR-10, CIFAR-100, and ImageNet show that our method preserves strong reconstruction q""]}",{},https://openreview.net/pdf/c67d187d4fd11ef886a03991bbe70677341ac7b1.pdf,https://openreview.net/forum?id=ICbrBVE11Y,True,iclr2026_papers.json
neurips2025_papers:5341,NEURIPS,2025,Model-Free Adversarial Purification via Coarse-To-Fine Tensor Network Representation,15,A-Core,adversarial_core;classification_context;input_transform_compression;vision_context,"Deep neural networks are known to be vulnerable to well-designed adversarial attacks. Although numerous defense strategies have been proposed, many are tailored to specific attacks or tasks and often fail to generalize across diverse scenarios. In this paper, we propose Tensor Network Purification (TNP), a novel model-free optimization-based purification framework built upon a specially designed tensor network decomposition algorithm. TNP depends neither on the pre-trained generative model nor the specific dataset, resulting in robust generalization across diverse adversarial scenarios. To this end, the key challenge lies in relaxing Gaussian-noise assumptions of classical decompositions and accommodating the unknown distribution of adversarial perturbations. Unlike the low-rank representation of classical decompositions, TNP aims to reconstruct the unobserved clean example from an adversarial example. Specifically, TNP leverages progressive downsampling and introduces a novel adversarial optimization objective to address the challenge of minimizing reconstruction error but without inadvertently restoring adversarial perturbations. Extensive experiments conducted on CIFAR-10, CIFAR-100, and ImageNet demonstrate that our method generalizes effectively across various norm threats, attack types, and tasks, providing a versatile and promising adversarial purification technique.","{""adversarial_core"": [""l networks are known to be vulnerable to well-designed adversarial attacks. Although numerous defense strategies have been propos""], ""input_transform_compression"": [""Model-Free Adversarial Purification via Coarse-To-Fine Tensor Network Representation Deep""], ""vision_context"": [""rial perturbations. Extensive experiments conducted on CIFAR-10, CIFAR-100, and ImageNet demonstrate that our method g"", ""sive experiments conducted on CIFAR-10, CIFAR-100, and ImageNet demonstrate that our method generalizes effectively ac""], ""classification_context"": [""rial perturbations. Extensive experiments conducted on CIFAR-10, CIFAR-100, and ImageNet demonstrate that our method g"", ""sive experiments conducted on CIFAR-10, CIFAR-100, and ImageNet demonstrate that our method generalizes effectively ac""]}",{},https://openreview.net/pdf/9a8e1949830e4f8d89080bd9744b27fdf488cd0f.pdf,https://openreview.net/forum?id=IaOhbdu2Ov,True,neurips2025_papers.json
iclr2026_papers:8176,ICLR,2026,Pro-Trans: Progressive Tensor Ring with Attention Guided Local Smoothing Regularization,15,A-Core,adversarial_core;classification_context;input_transform_compression;vision_context,"The generalization of adversarial defense methods remains a critical open challenge, and optimization-based adversarial purification methods employing tensor network representations have recently shown strong potential. However, such tensor-based defense methods operate solely on the given input without relying on prior knowledge, which inevitably leads to overfitting to adversarial perturbations. Moreover, their iterative optimization procedures incur substantial computational overhead during inference. In this paper, we propose Pro-Trans, a novel tensor-based adversarial purification method that integrates progressive tensor ring with attention guided local smoothing regularization. Specifically, our progressive tensor ring avoids redundant upsampling operations, thereby reducing computational overhead and accelerating convergence. In addition, the proposed regularizer adaptively applies varying degrees of local smoothing regularization across different regions, thereby suppressing perturbations while mitigating semantic loss. Experimental results show that Pro-Trans consistently outperforms existing methods across diverse adversarial settings on CIFAR-10, CIFAR-100, and ImageNet, achieving state-of-the-art performance while maintaining low computational cost. The code will be available upon acceptance.","{""adversarial_core"": [""d Local Smoothing Regularization The generalization of adversarial defense methods remains a critical open challenge, and optimiz""], ""input_transform_compression"": [""ains a critical open challenge, and optimization-based adversarial purification methods employing tensor network representations have""], ""vision_context"": [""xisting methods across diverse adversarial settings on CIFAR-10, CIFAR-100, and ImageNet, achieving state-of-the-art p"", ""verse adversarial settings on CIFAR-10, CIFAR-100, and ImageNet, achieving state-of-the-art performance while maintain""], ""classification_context"": [""xisting methods across diverse adversarial settings on CIFAR-10, CIFAR-100, and ImageNet, achieving state-of-the-art p"", ""verse adversarial settings on CIFAR-10, CIFAR-100, and ImageNet, achieving state-of-the-art performance while maintain""]}",{},https://openreview.net/pdf/7addce1db7971721a0c625c9911512b9038fb00e.pdf,https://openreview.net/forum?id=ytIwlWzo0M,True,iclr2026_papers.json
iclr2026_papers:1647,ICLR,2026,Feature compression is the root cause of adversarial fragility in neural networks,14,A-Core,adversarial_core;classification_context;input_transform_compression;vision_context,"In this paper, we uniquely study the adversarial robustness of deep neural networks (NN) for classification tasks against that of optimal classifiers. We look at the smallest magnitude of possible additive perturbations that can change a classifier's output. We provide a matrix-theoretic explanation of the adversarial fragility of deep neural networks for classification. In particular, our theoretical results show that a neural network's adversarial robustness can degrade as the input dimension $d$ increases. Analytically, we show that neural networks' adversarial robustness can be only $1/\sqrt{d}$ of the best possible adversarial robustness of optimal classifiers. Our theories match remarkably well with numerical experiments of practically trained NN, including NN for ImageNet images. The matrix-theoretic explanation is consistent with an earlier information-theoretic feature-compression-based explanation for the adversarial fragility of neural networks.","{""adversarial_core"": [""n neural networks In this paper, we uniquely study the adversarial robustness of deep neural networks (NN) for classification tasks""], ""input_transform_compression"": [""Feature compression is the root cause of adversarial fragility in neural n""], ""vision_context"": [""s of practically trained NN, including NN for ImageNet images. The matrix-theoretic explanation is consistent with a"", ""xperiments of practically trained NN, including NN for ImageNet images. The matrix-theoretic explanation is consistent""], ""classification_context"": [""xperiments of practically trained NN, including NN for ImageNet images. The matrix-theoretic explanation is consistent""]}",{},https://openreview.net/pdf/301bc94b7411fc5587b381b5b336ce0d691c962c.pdf,https://openreview.net/forum?id=UYM3yaiUX9,True,iclr2026_papers.json
iclr2026_papers:4940,ICLR,2026,Adversarial Attacks Already Tell the Answer: Directional Bias-Guided Test-time Defense for Vision-Language Models,13,A-Core,adversarial_core;input_transform_compression;vision_context,"Vision-Language Models (VLMs), such as CLIP, have shown strong zero-shot generalization but remain highly vulnerable to adversarial perturbations, posing serious risks in real-world applications. Test-time defenses for VLMs have recently emerged as a promising and efficient approach to defend against adversarial attacks without requiring costly large-scale retraining. In this work, we uncover a surprising phenomenon: under diverse input transformations, adversarial images in CLIP’s feature space consistently shift along a dominant direction, in contrast to the dispersed patterns of clean images. We hypothesize that this dominant shift, termed the Defense Direction, opposes the adversarial shift, pointing features back toward their correct class centers. Building on this insight, we propose Directional Bias-guided Defense (DBD), a test-time framework that estimates the Defense Direction and employs a DB-score–based two-stream reconstruction strategy to recover robust representations. Experiments on 15 datasets demonstrate that DBD not only achieves SOTA adversarial robustness while preserving clean accuracy, but also reveals the counterintuitive result that adversarial accuracy can even surpass clean accuracy. This demonstrates that adversarial perturbations inherently encode directional priors about the true decision boundary.","{""adversarial_core"": [""Adversarial Attacks Already Tell the Answer: Directional Bias-Guided Test-""], ""input_transform_compression"": [""ork, we uncover a surprising phenomenon: under diverse input transformations, adversarial images in CLIP’s feature space consistent""], ""vision_context"": [""enon: under diverse input transformations, adversarial images in CLIP’s feature space consistently shift along a dom"", ""Answer: Directional Bias-Guided Test-time Defense for Vision-Language Models Vision-Language Models (VLMs), such as""]}",{},https://openreview.net/pdf/6eb9660a827771c9ea4b7dbb93675cf93b70c6d1.pdf,https://openreview.net/forum?id=UqC2oFRRyc,True,iclr2026_papers.json
iclr2026_papers:6000,ICLR,2026,Diffusion Models Improve Adversarial Robustness by Compressing Image Space,13,A-Core,adversarial_core;input_transform_compression;vision_context,"Recent work suggests that diffusion models significantly enhance empirical adversarial robustness. While several intuitive explanations have been proposed, the precise mechanisms remain unclear. In this work, we systematically investigate how diffusion models improve adversarial robustness. First, we observe that diffusion models intriguingly increase, rather than decrease, the $\ell_p$ distance to clean samples—challenging the notion that purification denoises inputs closer to the clean data. Second, we find that the purified images are heavily influenced by the internal randomness of diffusion models. When the randomness of the diffusion model is fixed, diffusion models substantially compress the image space. Importantly, we discover a lawful relationship between the adversarial robustness gain and the model’s ability to compress the image space, quantified by the expected compression rate (CR). Further theoretical analyses show that (i) convergent score fields encoded in diffusion models explain these compression effects, and (ii) under a low-dimensional data manifold hypothesis, the expected CR captures the compression along off-manifold directions. Our findings uncover the precise mechanisms underlying diffusion-based purification and offer guidance for developing more effective and principled adversarial purification systems.","{""adversarial_core"": [""Diffusion Models Improve Adversarial Robustness by Compressing Image Space Recent work suggests that d""], ""input_transform_compression"": [""guidance for developing more effective and principled adversarial purification systems. Diffusion Models Adversarial Purification Com"", ""Diffusion Models Improve Adversarial Robustness by Compressing Image Space Recent work suggests that diffusion models significant""], ""vision_context"": [""n Models Improve Adversarial Robustness by Compressing Image Space Recent work suggests that diffusion models signi""]}",{},https://openreview.net/pdf/37f638b67c451f33e69334cd3ae834d742b30633.pdf,https://openreview.net/forum?id=P0XgfEmceK,True,iclr2026_papers.json
icml2025_papers:1943,ICML,2025,Diffusion-based Adversarial Purification from the Perspective of the Frequency Domain,13,A-Core,adversarial_core;input_transform_compression;vision_context,"The diffusion-based adversarial purification methods attempt to drown adversarial perturbations into a part of isotropic noise through the forward process, and then recover the clean images through the reverse process. Due to the lack of distribution information about adversarial perturbations in the pixel domain, it is often unavoidable to damage normal semantics. We turn to the frequency domain perspective, decomposing the image into amplitude spectrum and phase spectrum. We find that for both spectra, the damage caused by adversarial perturbations tends to increase monotonically with frequency. This means that we can extract the content and structural information of the original clean sample from the frequency components that are less damaged. Meanwhile, theoretical analysis indicates that existing purification methods indiscriminately damage all frequency components, leading to excessive damage to the image. Therefore, we propose a purification method that can eliminate adversarial perturbations while maximizing the preservation of the content and structure of the original image. Specifically, at each time step during the reverse process, for the amplitude spectrum, we replace the low-frequency components of the estimated image’s amplitude spectrum with the corresponding parts of the adversarial image. For the phase spectrum, we project the phase of the estimated image into a designated range of the adversarial image’s phase spectrum, focusing on the low frequencies. Empirical evidence from extensive experiments demonstrates that our method significantly outperforms most current defense methods.","{""adversarial_core"": [""ased adversarial purification methods attempt to drown adversarial perturbations into a part of isotropic noise through the forward pro""], ""input_transform_compression"": [""Diffusion-based Adversarial Purification from the Perspective of the Frequency Domain The diffu""], ""vision_context"": [""hrough the forward process, and then recover the clean images through the reverse process. Due to the lack of distri"", ""ion information about adversarial perturbations in the pixel domain, it is often unavoidable to damage normal seman""]}",{},https://raw.githubusercontent.com/mlresearch/v267/main/assets/pei25b/pei25b.pdf,,True,icml2025_papers.json
cvpr2026_papers:887,CVPR,2026,Towards Highly Transferable Vision-Language Attack via Semantic-Augmented Dynamic Contrastive Interaction,13,A-Core,adversarial_core;input_transform_compression;vision_context,"With the rapid advancement and widespread application of vision-language pre-training (VLP) models, their vulnerability to adversarial attacks has become a critical concern. In general, the adversarial examples can typically be designed to exhibit transferable power, attacking not only different models but also across diverse tasks.However, existing attacks on language-vision models mainly rely on static cross-modal interactions and focus solely on disrupting positive image-text pairs, resulting in limited cross-modal disruption and poor transferability.To address this issue, we propose a Semantic-Augmented Dynamic Contrastive Attack (SADCA) that enhances adversarial transferability through progressive and semantically guided perturbation.SADCA progressively disrupts cross-modal alignment through dynamic interactions between adversarial images and texts.This is accomplished by SADCA establishing a contrastive learning mechanism involving adversarial, positive and negative samples, to reinforce the semantic inconsistency of the obtained perturbations.Moreover, we empirically find that input transformations commonly used in traditional transfer-based attacks also benefit VLPs, which motivates a semantic augmentation module that increases the diversity and generalization of adversarial examples.Extensive experiments on multiple datasets and models demonstrate that SADCA significantly improves adversarial transferability and consistently surpasses state-of-the-art methods.The code will be released here.","{""adversarial_core"": [""uage pre-training (VLP) models, their vulnerability to adversarial attacks has become a critical concern. In general, the adversa""], ""input_transform_compression"": [""ained perturbations.Moreover, we empirically find that input transformations commonly used in traditional transfer-based attacks al""], ""vision_context"": [""l interactions and focus solely on disrupting positive image-text pairs, resulting in limited cross-modal disruptio"", ""Towards Highly Transferable Vision-Language Attack via Semantic-Augmented Dynamic Contras""]}",{},https://openaccess.thecvf.com/content/CVPR2026/papers/Li_Towards_Highly_Transferable_Vision-Language_Attack_via_Semantic-Augmented_Dynamic_Contrastive_Interaction_CVPR_2026_paper.pdf,https://cvpr.thecvf.com/virtual/2026/poster/38724,True,cvpr2026_papers.json
neurips2025_papers:5477,NEURIPS,2025,MAE-Pure: Semantic-Preserving Adversarial Purification,12,A-Core,adversarial_core;input_transform_compression;vision_context,"Adversarial purification is a category of defense techniques that use a generative model to eliminate adversarial perturbations. In pursuit of high performance in the cleansing of adversarial examples, current methods prefer powerful generative models (typically a diffusion model). This study investigates the purification from a novel perspective of preserving semantic relationships among image patches. Our method leverages Mask Autoencoder (MAE), which yields superior performance. Specifically, from both theoretical and experimental analysis, we disclose that the reconstruction performance of MAE is highly susceptible to adversarial noise, since the semantic relationships among patches will change significantly. Based on this intriguing property, we propose a purification scheme, named MAE-Pure, which purifies noises by preserving patch semantic relationships. We prove that this mechanism can be transformed into one tractable optimization problem with respect to the input image. Furthermore, we build a robust MAE-Pure by finetuning the purification model by introducing classification loss to further certify the patch semantic relationships. Additionally, we adapt our insight on mask diffusion model which embodies powerful generative capability to reinforce our method. A series of experiments demonstrate the superiority of our method, achieving new state-of-the-art results.","{""adversarial_core"": [""se techniques that use a generative model to eliminate adversarial perturbations. In pursuit of high performance in the cleansing of ad""], ""input_transform_compression"": [""MAE-Pure: Semantic-Preserving Adversarial Purification Adversarial purification is a category of defense tech""], ""vision_context"": [""perspective of preserving semantic relationships among image patches. Our method leverages Mask Autoencoder (MAE),""]}",{},https://openreview.net/pdf/7aa7248421a8dde2a616af49c85af3234e55b7dc.pdf,https://openreview.net/forum?id=8mFVIRTr7I,True,neurips2025_papers.json
iclr2026_papers:8463,ICLR,2026,Multimodal Information is All You Need for Adversarial Purification via Diffusion Models,12,A-Core,adversarial_core;input_transform_compression;vision_context,"Adversarial defense aims to find true semantic labels of adversarial examples, where diffusion-based adversarial purification as intriguing adversarial defense methods can restore data perturbed by unseen attacks to clean distribution without training classifiers. However, unimodal diffusion-based approaches rely on noise schedules to implicitly preserve labels, whereas recently proposed multimodal variants add textual control but require adversarial training and heavy distillation. Both approaches lack theoretical guarantees. In this work, we propose MultiDAP that uses multimodal diffusion models for adversarial purification. MultiDAP first learn prompts from clean text-image pair data for clean image generation, where context tokens are numerical instead of text templates such as ``a photo of $\cdot$'' for rich contextual information and hence enhance adversarial robustness. Given learned prompts and adversarial examples, MultiDAP then purify inputs via minimizing regularized DDPM losses iteratively for only a few steps. Theoretical guarantees for two phases are also provided. In experiments, our proposed model achieve improvement of zero-shot adversarial defense performance over unimodal diffusion models and multimodal variants with text templates.","{""adversarial_core"": [""Need for Adversarial Purification via Diffusion Models Adversarial defense aims to find true semantic labels of adversarial examp""], ""input_transform_compression"": [""Multimodal Information is All You Need for Adversarial Purification via Diffusion Models Adversarial defense aims to find""], ""vision_context"": [""fication. MultiDAP first learn prompts from clean text-image pair data for clean image generation, where context to""]}",{},https://openreview.net/pdf/3144114924367f1a3ada699f303923cb6b597a68.pdf,https://openreview.net/forum?id=VUJ863LliH,True,iclr2026_papers.json
